Workbook
Name Год: Анкета!$C$12
Name Фамилия: Анкета!$C$3
Name ОВД: Анкета!$C$13
Name ОВЗ: Анкета!$C$14

Sheet Как_заполнять
A1: Как пользоваться журналом и рапортом
A3: Что это
A4: Книга повторяет официальный журнал из приложения № 7 к приказу Министра обороны РФ от 30.10.2015 № 660 (п. 25 Порядка) и отдельно ведёт боевое дежурство в сутках (п. 3 ст. 11 закона № 76-ФЗ и п. 5 приложения № 2 к Положению о порядке прохождения военной службы).
A5: Жёлтые ячейки
A6: Заполняете только их. Серые / голубые ячейки считаются сами — их не затирайте.
A7: 1. Анкета
A8: Впишите фамилию, звание, должность, в/ч, командира, оклады и год. Фамилия из анкеты сразу попадает в рапорт.
A9: 2. Журнал_день — ваш рабочий журнал
A10: Это повседневный учёт на каждый день года. Ставьте 1 в колонке «БД», если стояли на боевом дежурстве; 1 в «Наряд», если суточный наряд. Сверхурочные часы в рабочие дни — в графу «Сверхурочно, ч». Часы в выходной или праздник — в графу «Выходной/праздник, ч». Если дали отгул — часы в «Отдых дан, ч» или сутки в «К отпуску, сут».
A11: 3. Журнал_660 — как в части
A12: Это та самая официальная форма на неделю: графы 1–13, подпись военнослужащего, подпись командира подразделения. Выберите номер недели — часы подтянутся из Журнал_день. Можно дописать сослуживцев (журнал в части ведётся на подразделение).
A13: Важно про журнал 660
... A24: В журнале на 2026 год для примера отмечено 30 суток БД (1–30 января). Замените на свои отметки: должно получиться 20 суток отдыха.

Sheet Анкета
A1: Сведения о военнослужащем — попадают в журнал и в рапорт
A2: Реквизит | B2: Заполните жёлтое | C2: Значение
A3: Фамилия | C3: Петров
A4: Имя | C4: Пётр
A5: Отчество | C5: Петрович
A6: Воинское звание | C6: сержант
A7: Воинская должность | C7: командир отделения
A8: Подразделение | C8: 1 мсв 2 мср
A9: Войсковая часть | C9: 00000
A10: Командир части (звание) | C10: полковник
A11: Командир части (инициал и фамилия) | C11: И.И. Иванов
A12: Год учёта | C12: 2026
A13: Оклад по воинской должности, руб. | C13: 25000
A14: Оклад по воинскому званию, руб. | C14: 12000
A15: Продолжительность служебного дня, ч | C15: 8
A16: Номер недели для печати журнала 660 | C16: 1
A18: Служебные поля (не трогать)
A19: ФИО полностью | B19: =TRIM(C3&" "&C4&" "&C5)
A20: ФИО в рапорте (род. падеж — правьте при необходимости) | B20: =C3&"а "&LEFT(C4,1)&"."&LEFT(C5,1)&"."
A21: Кому рапорт | B21: ="Командиру войсковой части "&C9&" "&C10&"у "&C11
A22: От кого | B22: ="от "&C7&" "&C6&"а "&C3&"а "&LEFT(C4,1)&"."&LEFT(C5,1)&"."
A23: Оклады вместе | B23: =C13+C14
A24: 1/30 окладов | B24: =C23/30
A26: Родительный падеж в строке 20 проверьте сами: «Петрова П.П.» обычно верно, для фамилий на -о, -ых, -ко поправьте вручную.
A28: Подсказка по окладам
A29: Компенсация по приказу МО РФ № 80 считается только из двух окладов (должность + звание), без надбавок, премии и районного коэффициента. Берите цифры из расчётного листка.

Sheet Журнал_день
A1: ЕЖЕДНЕВНЫЙ УЧЁТ СЛУЖЕБНОГО ВРЕМЕНИ — заполняется на каждого военнослужащего. Жёлтое — ваши отметки. 1 = заступил. Часы — числом.
A2: =CONCATENATE("Военнослужащий: ",Анкета!C6," ",Анкета!B19," | ",Анкета!C7," | в/ч ",Анкета!C9," | год ",Анкета!C12)
A3: БД и наряд отмечайте единицей. Сверхурочка журнала 660 — только часы (графа 5 — рабочие дни, графа 6 — выходные/праздники). Боевое дежурство в часы 660 не переводите: оно идёт в лист «БД_сутки».
A4: № | B4: Дата | C4: День недели | D4: Неделя | E4: Месяц | F4: Вид дня | G4: БД (1) | H4: Наряд (1) | I4: Сверхурочно, ч (гр. 5) | J4: Выходной/ праздник, ч (гр. 6) | K4: Отдых дан, ч (гр. 9) | L4: К отпуску, сут (гр. 11) | M4: Примечание (приказ, график)
G5: БД | H5: наряд | I5: 5 | J5: 6 | K5: 9 | L5: 11
A6: 1 | B6: =IF(DATE(Анкета!$C$12,1,1)+0>DATE(Анкета!$C$12,12,31),"",DATE(Анкета!$C$12,1,1)+0) | C6: =IF(B6="","",CHOOSE(WEEKDAY(B6,2),"понедельник","вторник","среда","четверг","пятница","суббота","воскресенье")) | D6: =IF(B6="","",WEEKNUM(B6,21)) | E6: =IF(B6="","",MONTH(B6)) | F6: =IF(B6="","",IF(WEEKDAY(B6,2)>=6,"вых","раб")) | G6: 1
A7: 2 | B7: =IF(DATE(Анкета!$C$12,1,1)+1>DATE(Анкета!$C$12,12,31),"",DATE(Анкета!$C$12,1,1)+1) | C7: =IF(B7="","",CHOOSE(WEEKDAY(B7,2),"понедельник","вторник","среда","четверг","пятница","суббота","воскресенье")) | D7: =IF(B7="","",WEEKNUM(B7,21)) | E7: =IF(B7="","",MONTH(B7)) | F7: =IF(B7="","",IF(WEEKDAY(B7,2)>=6,"вых","раб")) | G7: 1
A8: 3 | B8: =IF(DATE(Анкета!$C$12,1,1)+2>DATE(Анкета!$C$12,12,31),"",DATE(Анкета!$C$12,1,1)+2) | C8: =IF(B8="","",CHOOSE(WEEKDAY(B8,2),"понедельник","вторник","среда","четверг","пятница","суббота","воскресенье")) | D8: =IF(B8="","",WEEKNUM(B8,21)) | E8: =IF(B8="","",MONTH(B8)) | F8: =IF(B8="","",IF(WEEKDAY(B8,2)>=6,"вых","раб")) | G8: 1
A9: 4 | B9: =IF(DATE(Анкета!$C$12,1,1)+3>DATE(Анкета!$C$12,12,31),"",DATE(Анкета!$C$12,1,1)+3) | C9: =IF(B9="","",CHOOSE(WEEKDAY(B9,2),"понедельник","вторник","среда","четверг","пятница","суббота","воскресенье")) | D9: =IF(B9="","",WEEKNUM(B9,21)) | E9: =IF(B9="","",MONTH(B9)) | F9: =IF(B9="","",IF(WEEKDAY(B9,2)>=6,"вых","раб")) | G9: 1
A10: 5 | B10: =IF(DATE(Анкета!$C$12,1,1)+4>DATE(Анкета!$C$12,12,31),"",DATE(Анкета!$C$12,1,1)+4) | C10: =IF(B10="","",CHOOSE(WEEKDAY(B10,2),"понедельник","вторник","среда","четверг","пятница","суббота","воскресенье")) | D10: =IF(B10="","",WEEKNUM(B10,21)) | E10: =IF(B10="","",MONTH(B10)) | F10: =IF(B10="","",IF(WEEKDAY(B10,2)>=6,"вых","раб")) | G10: 1
A11: 6 | B11: =IF(DATE(Анкета!$C$12,1,1)+5>DATE(Анкета!$C$12,12,31),"",DATE(Анкета!$C$12,1,1)+5) | C11: =IF(B11="","",CHOOSE(WEEKDAY(B11,2),"понедельник","вторник","среда","четверг","пятница","суббота","воскресенье")) | D11: =IF(B11="","",WEEKNUM(B11,21)) | E11: =IF(B11="","",MONTH(B11)) | F11: =IF(B11="","",IF(WEEKDAY(B11,2)>=6,"вых","раб")) | G11: 1
A12: 7 | B12: =IF(DATE(Анкета!$C$12,1,1)+6>DATE(Анкета!$C$12,12,31),"",DATE(Анкета!$C$12,1,1)+6) | C12: =IF(B12="","",CHOOSE(WEEKDAY(B12,2),"понедельник","вторник","среда","четверг","пятница","суббота","воскресенье")) | D12: =IF(B12="","",WEEKNUM(B12,21)) | E12: =IF(B12="","",MONTH(B12)) | F12: =IF(B12="","",IF(WEEKDAY(B12,2)>=6,"вых","раб")) | G12: 1
A13: 8 | B13: =IF(DATE(Анкета!$C$12,1,1)+7>DATE(Анкета!$C$12,12,31),"",DATE(Анкета!$C$12,1,1)+7) | C13: =IF(B13="","",CHOOSE(WEEKDAY(B13,2),"понедельник","вторник","среда","четверг","пятница","суббота","воскресенье")) | D13: =IF(B13="","",WEEKNUM(B13,21)) | E13: =IF(B13="","",MONTH(B13)) | F13: =IF(B13="","",IF(WEEKDAY(B13,2)>=6,"вых","раб")) | G13: 1
A14: 9 | B14: =IF(DATE(Анкета!$C$12,1,1)+8>DATE(Анкета!$C$12,12,31),"",DATE(Анкета!$C$12,1,1)+8) | C14: =IF(B14="","",CHOOSE(WEEKDAY(B14,2),"понедельник","вторник","среда","четверг","пятница","суббота","воскресенье")) | D14: =IF(B14="","",WEEKNUM(B14,21)) | E14: =IF(B14="","",MONTH(B14)) | F14: =IF(B14="","",IF(WEEKDAY(B14,2)>=6,"вых","раб")) | G14: 1
A15: 10 | B15: =IF(DATE(Анкета!$C$12,1,1)+9>DATE(Анкета!$C$12,12,31),"",DATE(Анкета!$C$12,1,1)+9) | C15: =IF(B15="","",CHOOSE(WEEKDAY(B15,2),"понедельник","вторник","среда","четверг","пятница","суббота","воскресенье")) | D15: =IF(B15="","",WEEKNUM(B15,21)) | E15: =IF(B15="","",MONTH(B15)) | F15: =IF(B15="","",IF(WEEKDAY(B15,2)>=6,"вых","раб")) | G15: 1
A16: 11 | B16: =IF(DATE(Анкета!$C$12,1,1)+10>DATE(Анкета!$C$12,12,31),"",DATE(Анкета!$C$12,1,1)+10) | C16: =IF(B16="","",CHOOSE(WEEKDAY(B16,2),"понедельник","вторник","среда","четверг","пятница","суббота","воскресенье")) | D16: =IF(B16="","",WEEKNUM(B16,21)) | E16: =IF(B16="","",MONTH(B16)) | F16: =IF(B16="","",IF(WEEKDAY(B16,2)>=6,"вых","раб")) | G16: 1
A17: 12 | B17: =IF(DATE(Анкета!$C$12,1,1)+11>DATE(Анкета!$C$12,12,31),"",DATE(Анкета!$C$12,1,1)+11) | C17: =IF(B17="","",CHOOSE(WEEKDAY(B17,2),"понедельник","вторник","среда","четверг","пятница","суббота","воскресенье")) | D17: =IF(B17="","",WEEKNUM(B17,21)) | E17: =IF(B17="","",MONTH(B17)) | F17: =IF(B17="","",IF(WEEKDAY(B17,2)>=6,"вых","раб")) | G17: 1
A18: 13 | B18: =IF(DATE(Анкета!$C$12,1,1)+12>DATE(Анкета!$C$12,12,31),"",DATE(Анкета!$C$12,1,1)+12) | C18: =IF(B18="","",CHOOSE(WEEKDAY(B18,2),"понедельник","вторник","среда","четверг","пятница","суббота","воскресенье")) | D18: =IF(B18="","",WEEKNUM(B18,21)) | E18: =IF(B18="","",MONTH(B18)) | F18: =IF(B18="","",IF(WEEKDAY(B18,2)>=6,"вых","раб")) | G18: 1
A19: 14 | B19: =IF(DATE(Анкета!$C$12,1,1)+13>DATE(Анкета!$C$12,12,31),"",DATE(Анкета!$C$12,1,1)+13) | C19: =IF(B19="","",CHOOSE(WEEKDAY(B19,2),"понедельник","вторник","среда","четверг","пятница","суббота","воскресенье")) | D19: =IF(B19="","",WEEKNUM(B19,21)) | E19: =IF(B19="","",MONTH(B19)) | F19: =IF(B19="","",IF(WEEKDAY(B19,2)>=6,"вых","раб")) | G19: 1
A20: 15 | B20: =IF(DATE(Анкета!$C$12,1,1)+14>DATE(Анкета!$C$12,12,31),"",DATE(Анкета!$C$12,1,1)+14) | C20: =IF(B20="","",CHOOSE(WEEKDAY(B20,2),"понедельник","вторник","среда","четверг","пятница","суббота","воскресенье")) | D20: =IF(B20="","",WEEKNUM(B20,21)) | E20: =IF(B20="","",MONTH(B20)) | F20: =IF(B20="","",IF(WEEKDAY(B20,2)>=6,"вых","раб")) | G20: 1
A21: 16 | B21: =IF(DATE(Анкета!$C$12,1,1)+15>DATE(Анкета!$C$12,12,31),"",DATE(Анкета!$C$12,1,1)+15) | C21: =IF(B21="","",CHOOSE(WEEKDAY(B21,2),"понедельник","вторник","среда","четверг","пятница","суббота","воскресенье")) | D21: =IF(B21="","",WEEKNUM(B21,21)) | E21: =IF(B21="","",MONTH(B21)) | F21: =IF(B21="","",IF(WEEKDAY(B21,2)>=6,"вых","раб")) | G21: 1
A22: 17 | B22: =IF(DATE(Анкета!$C$12,1,1)+16>DATE(Анкета!$C$12,12,31),"",DATE(Анкета!$C$12,1,1)+16) | C22: =IF(B22="","",CHOOSE(WEEKDAY(B22,2),"понедельник","вторник","среда","четверг","пятница","суббота","воскресенье")) | D22: =IF(B22="","",WEEKNUM(B22,21)) | E22: =IF(B22="","",MONTH(B22)) | F22: =IF(B22="","",IF(WEEKDAY(B22,2)>=6,"вых","раб")) | G22: 1
A23: 18 | B23: =IF(DATE(Анкета!$C$12,1,1)+17>DATE(Анкета!$C$12,12,31),"",DATE(Анкета!$C$12,1,1)+17) | C23: =IF(B23="","",CHOOSE(WEEKDAY(B23,2),"понедельник","вторник","среда","четверг","пятница","суббота","воскресенье")) | D23: =IF(B23="","",WEEKNUM(B23,21)) | E23: =IF(B23="","",MONTH(B23)) | F23: =IF(B23="","",IF(WEEKDAY(B23,2)>=6,"вых","раб")) | G23: 1
A24: 19 | B24: =IF(DATE(Анкета!$C$12,1,1)+18>DATE(Анкета!$C$12,12,31),"",DATE(Анкета!$C$12,1,1)+18) | C24: =IF(B24="","",CHOOSE(WEEKDAY(B24,2),"понедельник","вторник","среда","четверг","пятница","суббота","воскресенье")) | D24: =IF(B24="","",WEEKNUM(B24,21)) | E24: =IF(B24="","",MONTH(B24)) | F24: =IF(B24="","",IF(WEEKDAY(B24,2)>=6,"вых","раб")) | G24: 1
A25: 20 | B25: =IF(DATE(Анкета!$C$12,1,1)+19>DATE(Анкета!$C$12,12,31),"",DATE(Анкета!$C$12,1,1)+19) | C25: =IF(B25="","",CHOOSE(WEEKDAY(B25,2),"понедельник","вторник","среда","четверг","пятница","суббота","воскресенье")) | D25: =IF(B25="","",WEEKNUM(B25,21)) | E25: =IF(B25="","",MONTH(B25)) | F25: =IF(B25="","",IF(WEEKDAY(B25,2)>=6,"вых","раб")) | G25: 1
A26: 21 | B26: =IF(DATE(Анкета!$C$12,1,1)+20>DATE(Анкета!$C$12,12,31),"",DATE(Анкета!$C$12,1,1)+20) | C26: =IF(B26="","",CHOOSE(WEEKDAY(B26,2),"понедельник","вторник","среда","четверг","пятница","суббота","воскресенье")) | D26: =IF(B26="","",WEEKNUM(B26,21)) | E26: =IF(B26="","",MONTH(B26)) | F26: =IF(B26="","",IF(WEEKDAY(B26,2)>=6,"вых","раб")) | G26: 1
A27: 22 | B27: =IF(DATE(Анкета!$C$12,1,1)+21>DATE(Анкета!$C$12,12,31),"",DATE(Анкета!$C$12,1,1)+21) | C27: =IF(B27="","",CHOOSE(WEEKDAY(B27,2),"понедельник","вторник","среда","четверг","пятница","суббота","воскресенье")) | D27: =IF(B27="","",WEEKNUM(B27,21)) | E27: =IF(B27="","",MONTH(B27)) | F27: =IF(B27="","",IF(WEEKDAY(B27,2)>=6,"вых","раб")) | G27: 1
A28: 23 | B28: =IF(DATE(Анкета!$C$12,1,1)+22>DATE(Анкета!$C$12,12,31),"",DATE(Анкета!$C$12,1,1)+22) | C28: =IF(B28="","",CHOOSE(WEEKDAY(B28,2),"понедельник","вторник","среда","четверг","пятница","суббота","воскресенье")) | D28: =IF(B28="","",WEEKNUM(B28,21)) | E28: =IF(B28="","",MONTH(B28)) | F28: =IF(B28="","",IF(WEEKDAY(B28,2)>=6,"вых","раб")) | G28: 1
A29: 24 | B29: =IF(DATE(Анкета!$C$12,1,1)+23>DATE(Анкета!$C$12,12,31),"",DATE(Анкета!$C$12,1,1)+23) | C29: =IF(B29="","",CHOOSE(WEEKDAY(B29,2),"понедельник","вторник","среда","четверг","пятница","суббота","воскресенье")) | D29: =IF(B29="","",WEEKNUM(B29,21)) | E29: =IF(B29="","",MONTH(B29)) | F29: =IF(B29="","",IF(WEEKDAY(B29,2)>=6,"вых","раб")) | G29: 1
A30: 25 | B30: =IF(DATE(Анкета!$C$12,1,1)+24>DATE(Анкета!$C$12,12,31),"",DATE(Анкета!$C$12,1,1)+24) | C30: =IF(B30="","",CHOOSE(WEEKDAY(B30,2),"понедельник","вторник","среда","четверг","пятница","суббота","воскресенье")) | D30: =IF(B30="","",WEEKNUM(B30,21)) | E30: =IF(B30="","",MONTH(B30)) | F30: =IF(B30="","",IF(WEEKDAY(B30,2)>=6,"вых","раб")) | G30: 1
A31: 26 | B31: =IF(DATE(Анкета!$C$12,1,1)+25>DATE(Анкета!$C$12,12,31),"",DATE(Анкета!$C$12,1,1)+25) | C31: =IF(B31="","",CHOOSE(WEEKDAY(B31,2),"понедельник","вторник","среда","четверг","пятница","суббота","воскресенье")) | D31: =IF(B31="","",WEEKNUM(B31,21)) | E31: =IF(B31="","",MONTH(B31)) | F31: =IF(B31="","",IF(WEEKDAY(B31,2)>=6,"вых","раб")) | G31: 1
A32: 27 | B32: =IF(DATE(Анкета!$C$12,1,1)+26>DATE(Анкета!$C$12,12,31),"",DATE(Анкета!$C$12,1,1)+26) | C32: =IF(B32="","",CHOOSE(WEEKDAY(B32,2),"понедельник","вторник","среда","четверг","пятница","суббота","воскресенье")) | D32: =IF(B32="","",WEEKNUM(B32,21)) | E32: =IF(B32="","",MONTH(B32)) | F32: =IF(B32="","",IF(WEEKDAY(B32,2)>=6,"вых","раб")) | G32: 1
A33: 28 | B33: =IF(DATE(Анкета!$C$12,1,1)+27>DATE(Анкета!$C$12,12,31),"",DATE(Анкета!$C$12,1,1)+27) | C33: =IF(B33="","",CHOOSE(WEEKDAY(B33,2),"понедельник","вторник","среда","четверг","пятница","суббота","воскресенье")) | D33: =IF(B33="","",WEEKNUM(B33,21)) | E33: =IF(B33="","",MONTH(B33)) | F33: =IF(B33="","",IF(WEEKDAY(B33,2)>=6,"вых","раб")) | G33: 1
A34: 29 | B34: =IF(DATE(Анкета!$C$12,1,1)+28>DATE(Анкета!$C$12,12,31),"",DATE(Анкета!$C$12,1,1)+28) | C34: =IF(B34="","",CHOOSE(WEEKDAY(B34,2),"понедельник","вторник","среда","четверг","пятница","суббота","воскресенье")) | D34: =IF(B34="","",WEEKNUM(B34,21)) | E34: =IF(B34="","",MONTH(B34)) | F34: =IF(B34="","",IF(WEEKDAY(B34,2)>=6,"вых","раб")) | G34: 1
A35: 30 | B35: =IF(DATE(Анкета!$C$12,1,1)+29>DATE(Анкета!$C$12,12,31),"",DATE(Анкета!$C$12,1,1)+29) | C35: =IF(B35="","",CHOOSE(WEEKDAY(B35,2),"понедельник","вторник","среда","четверг","пятница","суббота","воскресенье")) | D35: =IF(B35="","",WEEKNUM(B35,21)) | E35: =IF(B35="","",MONTH(B35)) | F35: =IF(B35="","",IF(WEEKDAY(B35,2)>=6,"вых","раб")) | G35: 1
A36: 31 | B36: =IF(DATE(Анкета!$C$12,1,1)+30>DATE(Анкета!$C$12,12,31),"",DATE(Анкета!$C$12,1,1)+30) | C36: =IF(B36="","",CHOOSE(WEEKDAY(B36,2),"понедельник","вторник","среда","четверг","пятница","суббота","воскресенье")) | D36: =IF(B36="","",WEEKNUM(B36,21)) | E36: =IF(B36="","",MONTH(B36)) | F36: =IF(B36="","",IF(WEEKDAY(B36,2)>=6,"вых","раб"))
A37: 32 | B37: =IF(DATE(Анкета!$C$12,1,1)+31>DATE(Анкета!$C$12,12,31),"",DATE(Анкета!$C$12,1,1)+31) | C37: =IF(B37="","",CHOOSE(WEEKDAY(B37,2),"понедельник","вторник","среда","четверг","пятница","суббота","воскресенье")) | D37: =IF(B37="","",WEEKNUM(B37,21)) | E37: =IF(B37="","",MONTH(B37)) | F37: =IF(B37="","",IF(WEEKDAY(B37,2)>=6,"вых","раб"))
A38: 33 | B38: =IF(DATE(Анкета!$C$12,1,1)+32>DATE(Анкета!$C$12,12,31),"",DATE(Анкета!$C$12,1,1)+32) | C38: =IF(B38="","",CHOOSE(WEEKDAY(B38,2),"понедельник","вторник","среда","четверг","пятница","суббота","воскресенье")) | D38: =IF(B38="","",WEEKNUM(B38,21)) | E38: =IF(B38="","",MONTH(B38)) | F38: =IF(B38="","",IF(WEEKDAY(B38,2)>=6,"вых","раб"))
A39: 34 | B39: =IF(DATE(Анкета!$C$12,1,1)+33>DATE(Анкета!$C$12,12,31),"",DATE(Анкета!$C$12,1,1)+33) | C39: =IF(B39="","",CHOOSE(WEEKDAY(B39,2),"понедельник","вторник","среда","четверг","пятница","суббота","воскресенье")) | D39: =IF(B39="","",WEEKNUM(B39,21)) | E39: =IF(B39="","",MONTH(B39)) | F39: =IF(B39="","",IF(WEEKDAY(B39,2)>=6,"вых","раб"))
A40: 35 | B40: =IF(DATE(Анкета!$C$12,1,1)+34>DATE(Анкета!$C$12,12,31),"",DATE(Анкета!$C$12,1,1)+34) | C40: =IF(B40="","",CHOOSE(WEEKDAY(B40,2),"понедельник","вторник","среда","четверг","пятница","суббота","воскресенье")) | D40: =IF(B40="","",WEEKNUM(B40,21)) | E40: =IF(B40="","",MONTH(B40)) | F40: =IF(B40="","",IF(WEEKDAY(B40,2)>=6,"вых","раб"))
A41: 36 | B41: =IF(DATE(Анкета!$C$12,1,1)+35>DATE(Анкета!$C$12,12,31),"",DATE(Анкета!$C$12,1,1)+35) | C41: =IF(B41="","",CHOOSE(WEEKDAY(B41,2),"понедельник","вторник","среда","четверг","пятница","суббота","воскресенье")) | D41: =IF(B41="","",WEEKNUM(B41,21)) | E41: =IF(B41="","",MONTH(B41)) | F41: =IF(B41="","",IF(WEEKDAY(B41,2)>=6,"вых","раб"))
A42: 37 | B42: =IF(DATE(Анкета!$C$12,1,1)+36>DATE(Анкета!$C$12,12,31),"",DATE(Анкета!$C$12,1,1)+36) | C42: =IF(B42="","",CHOOSE(WEEKDAY(B42,2),"понедельник","вторник","среда","четверг","пятница","суббота","воскресенье")) | D42: =IF(B42="","",WEEKNUM(B42,21)) | E42: =IF(B42="","",MONTH(B42)) | F42: =IF(B42="","",IF(WEEKDAY(B42,2)>=6,"вых","раб"))
A43: 38 | B43: =IF(DATE(Анкета!$C$12,1,1)+37>DATE(Анкета!$C$12,12,31),"",DATE(Анкета!$C$12,1,1)+37) | C43: =IF(B43="","",CHOOSE(WEEKDAY(B43,2),"понедельник","вторник","среда","четверг","пятница","суббота","воскресенье")) | D43: =IF(B43="","",WEEKNUM(B43,21)) | E43: =IF(B43="","",MONTH(B43)) | F43: =IF(B43="","",IF(WEEKDAY(B43,2)>=6,"вых","раб"))
A44: 39 | B44: =IF(DATE(Анкета!$C$12,1,1)+38>DATE(Анкета!$C$12,12,31),"",DATE(Анкета!$C$12,1,1)+38) | C44: =IF(B44="","",CHOOSE(WEEKDAY(B44,2),"понедельник","вторник","среда","четверг","пятница","суббота","воскресенье")) | D44: =IF(B44="","",WEEKNUM(B44,21)) | E44: =IF(B44="","",MONTH(B44)) | F44: =IF(B44="","",IF(WEEKDAY(B44,2)>=6,"вых","раб"))
A45: 40 | B45: =IF(DATE(Анкета!$C$12,1,1)+39>DATE(Анкета!$C$12,12,31),"",DATE(Анкета!$C$12,1,1)+39) | C45: =IF(B45="","",CHOOSE(WEEKDAY(B45,2),"понедельник","вторник","среда","четверг","пятница","суббота","воскресенье")) | D45: =IF(B45="","",WEEKNUM(B45,21)) | E45: =IF(B45="","",MONTH(B45)) | F45: =IF(B45="","",IF(WEEKDAY(B45,2)>=6,"вых","раб"))
A46: 41 | B46: =IF(DATE(Анкета!$C$12,1,1)+40>DATE(Анкета!$C$12,12,31),"",DATE(Анкета!$C$12,1,1)+40) | C46: =IF(B46="","",CHOOSE(WEEKDAY(B46,2),"понедельник","вторник","среда","четверг","пятница","суббота","воскресенье")) | D46: =IF(B46="","",WEEKNUM(B46,21)) | E46: =IF(B46="","",MONTH(B46)) | F46: =IF(B46="","",IF(WEEKDAY(B46,2)>=6,"вых","раб"))
A47: 42 | B47: =IF(DATE(Анкета!$C$12,1,1)+41>DATE(Анкета!$C$12,12,31),"",DATE(Анкета!$C$12,1,1)+41) | C47: =IF(B47="","",CHOOSE(WEEKDAY(B47,2),"понедельник","вторник","среда","четверг","пятница","суббота","воскресенье")) | D47: =IF(B47="","",WEEKNUM(B47,21)) | E47: =IF(B47="","",MONTH(B47)) | F47: =IF(B47="","",IF(WEEKDAY(B47,2)>=6,"вых","раб"))
A48: 43 | B48: =IF(DATE(Анкета!$C$12,1,1)+42>DATE(Анкета!$C$12,12,31),"",DATE(Анкета!$C$12,1,1)+42) | C48: =IF(B48="","",CHOOSE(WEEKDAY(B48,2),"понедельник","вторник","среда","четверг","пятница","суббота","воскресенье")) | D48: =IF(B48="","",WEEKNUM(B48,21)) | E48: =IF(B48="","",MONTH(B48)) | F48: =IF(B48="","",IF(WEEKDAY(B48,2)>=6,"вых","раб"))
A49: 44 | B49: =IF(DATE(Анкета!$C$12,1,1)+43>DATE(Анкета!$C$12,12,31),"",DATE(Анкета!$C$12,1,1)+43) | C49: =IF(B49="","",CHOOSE(WEEKDAY(B49,2),"понедельник","вторник","среда","четверг","пятница","суббота","воскресенье")) | D49: =IF(B49="","",WEEKNUM(B49,21)) | E49: =IF(B49="","",MONTH(B49)) | F49: =IF(B49="","",IF(WEEKDAY(B49,2)>=6,"вых","раб"))
A50: 45 | B50: =IF(DATE(Анкета!$C$12,1,1)+44>DATE(Анкета!$C$12,12,31),"",DATE(Анкета!$C$12,1,1)+44) | C50: =IF(B50="","",CHOOSE(WEEKDAY(B50,2),"понедельник","вторник","среда","четверг","пятница","суббота","воскресенье")) | D50: =IF(B50="","",WEEKNUM(B50,21)) | E50: =IF(B50="","",MONTH(B50)) | F50: =IF(B50="","",IF(WEEKDAY(B50,2)>=6,"вых","раб"))
A51: 46 | B51: =IF(DATE(Анкета!$C$12,1,1)+45>DATE(Анкета!$C$12,12,31),"",DATE(Анкета!$C$12,1,1)+45) | C51: =IF(B51="","",CHOOSE(WEEKDAY(B51,2),"понедельник","вторник","среда","четверг","пятница","суббота","воскресенье")) | D51: =IF(B51="","",WEEKNUM(B51,21)) | E51: =IF(B51="","",MONTH(B51)) | F51: =IF(B51="","",IF(WEEKDAY(B51,2)>=6,"вых","раб"))
A52: 47 | B52: =IF(DATE(Анкета!$C$12,1,1)+46>DATE(Анкета!$C$12,12,31),"",DATE(Анкета!$C$12,1,1)+46) | C52: =IF(B52="","",CHOOSE(WEEKDAY(B52,2),"понедельник","вторник","среда","четверг","пятница","суббота","воскресенье")) | D52: =IF(B52="","",WEEKNUM(B52,21)) | E52: =IF(B52="","",MONTH(B52)) | F52: =IF(B52="","",IF(WEEKDAY(B52,2)>=6,"вых","раб"))
A53: 48 | B53: =IF(DATE(Анкета!$C$12,1,1)+47>DATE(Анкета!$C$12,12,31),"",DATE(Анкета!$C$12,1,1)+47) | C53: =IF(B53="","",CHOOSE(WEEKDAY(B53,2),"понедельник","вторник","среда","четверг","пятница","суббота","воскресенье")) | D53: =IF(B53="","",WEEKNUM(B53,21)) | E53: =IF(B53="","",MONTH(B53)) | F53: =IF(B53="","",IF(WEEKDAY(B53,2)>=6,"вых","раб"))
A54: 49 | B54: =IF(DATE(Анкета!$C$12,1,1)+48>DATE(Анкета!$C$12,12,31),"",DATE(Анкета!$C$12,1,1)+48) | C54: =IF(B54="","",CHOOSE(WEEKDAY(B54,2),"понедельник","вторник","среда","четверг","пятница","суббота","воскресенье")) | D54: =IF(B54="","",WEEKNUM(B54,21)) | E54: =IF(B54="","",MONTH(B54)) | F54: =IF(B54="","",IF(WEEKDAY(B54,2)>=6,"вых","раб"))
A55: 50 | B55: =IF(DATE(Анкета!$C$12,1,1)+49>DATE(Анкета!$C$12,12,31),"",DATE(Анкета!$C$12,1,1)+49) | C55: =IF(B55="","",CHOOSE(WEEKDAY(B55,2),"понедельник","вторник","среда","четверг","пятница","суббота","воскресенье")) | D55: =IF(B55="","",WEEKNUM(B55,21)) | E55: =IF(B55="","",MONTH(B55)) | F55: =IF(B55="","",IF(WEEKDAY(B55,2)>=6,"вых","раб"))
A56: 51 | B56: =IF(DATE(Анкета!$C$12,1,1)+50>DATE(Анкета!$C$12,12,31),"",DATE(Анкета!$C$12,1,1)+50) | C56: =IF(B56="","",CHOOSE(WEEKDAY(B56,2),"понедельник","вторник","среда","четверг","пятница","суббота","воскресенье")) | D56: =IF(B56="","",WEEKNUM(B56,21)) | E56: =IF(B56="","",MONTH(B56)) | F56: =IF(B56="","",IF(WEEKDAY(B56,2)>=6,"вых","раб"))
A57: 52 | B57: =IF(DATE(Анкета!$C$12,1,1)+51>DATE(Анкета!$C$12,12,31),"",DATE(Анкета!$C$12,1,1)+51) | C57: =IF(B57="","",CHOOSE(WEEKDAY(B57,2),"понедельник","вторник","среда","четверг","пятница","суббота","воскресенье")) | D57: =IF(B57="","",WEEKNUM(B57,21)) | E57: =IF(B57="","",MONTH(B57)) | F57: =IF(B57="","",IF(WEEKDAY(B57,2)>=6,"вых","раб"))
A58: 53 | B58: =IF(DATE(Анкета!$C$12,1,1)+52>DATE(Анкета!$C$12,12,31),"",DATE(Анкета!$C$12,1,1)+52) | C58: =IF(B58="","",CHOOSE(WEEKDAY(B58,2),"понедельник","вторник","среда","четверг","пятница","суббота","воскресенье")) | D58: =IF(B58="","",WEEKNUM(B58,21)) | E58: =IF(B58="","",MONTH(B58)) | F58: =IF(B58="","",IF(WEEKDAY(B58,2)>=6,"вых","раб"))
A59: 54 | B59: =IF(DATE(Анкета!$C$12,1,1)+53>DATE(Анкета!$C$12,12,31),"",DATE(Анкета!$C$12,1,1)+53) | C59: =IF(B59="","",CHOOSE(WEEKDAY(B59,2),"понедельник","вторник","среда","четверг","пятница","суббота","воскресенье")) | D59: =IF(B59="","",WEEKNUM(B59,21)) | E59: =IF(B59="","",MONTH(B59)) | F59: =IF(B59="","",IF(WEEKDAY(B59,2)>=6,"вых","раб"))
A60: 55 | B60: =IF(DATE(Анкета!$C$12,1,1)+54>DATE(Анкета!$C$12,12,31),"",DATE(Анкета!$C$12,1,1)+54) | C60: =IF(B60="","",CHOOSE(WEEKDAY(B60,2),"понедельник","вторник","среда","четверг","пятница","суббота","воскресенье")) | D60: =IF(B60="","",WEEKNUM(B60,21)) | E60: =IF(B60="","",MONTH(B60)) | F60: =IF(B60="","",IF(WEEKDAY(B60,2)>=6,"вых","раб"))
A61: 56 | B61: =IF(DATE(Анкета!$C$12,1,1)+55>DATE(Анкета!$C$12,12,31),"",DATE(Анкета!$C$12,1,1)+55) | C61: =IF(B61="","",CHOOSE(WEEKDAY(B61,2),"понедельник","вторник","среда","четверг","пятница","суббота","воскресенье")) | D61: =IF(B61="","",WEEKNUM(B61,21)) | E61: =IF(B61="","",MONTH(B61)) | F61: =IF(B61="","",IF(WEEKDAY(B61,2)>=6,"вых","раб"))
A62: 57 | B62: =IF(DATE(Анкета!$C$12,1,1)+56>DATE(Анкета!$C$12,12,31),"",DATE(Анкета!$C$12,1,1)+56) | C62: =IF(B62="","",CHOOSE(WEEKDAY(B62,2),"понедельник","вторник","среда","четверг","пятница","суббота","воскресенье")) | D62: =IF(B62="","",WEEKNUM(B62,21)) | E62: =IF(B62="","",MONTH(B62)) | F62: =IF(B62="","",IF(WEEKDAY(B62,2)>=6,"вых","раб"))
A63: 58 | B63: =IF(DATE(Анкета!$C$12,1,1)+57>DATE(Анкета!$C$12,12,31),"",DATE(Анкета!$C$12,1,1)+57) | C63: =IF(B63="","",CHOOSE(WEEKDAY(B63,2),"понедельник","вторник","среда","четверг","пятница","суббота","воскресенье")) | D63: =IF(B63="","",WEEKNUM(B63,21)) | E63: =IF(B63="","",MONTH(B63)) | F63: =IF(B63="","",IF(WEEKDAY(B63,2)>=6,"вых","раб"))
A64: 59 | B64: =IF(DATE(Анкета!$C$12,1,1)+58>DATE(Анкета!$C$12,12,31),"",DATE(Анкета!$C$12,1,1)+58) | C64: =IF(B64="","",CHOOSE(WEEKDAY(B64,2),"понедельник","вторник","среда","четверг","пятница","суббота","воскресенье")) | D64: =IF(B64="","",WEEKNUM(B64,21)) | E64: =IF(B64="","",MONTH(B64)) | F64: =IF(B64="","",IF(WEEKDAY(B64,2)>=6,"вых","раб"))
A65: 60 | B65: =IF(DATE(Анкета!$C$12,1,1)+59>DATE(Анкета!$C$12,12,31),"",DATE(Анкета!$C$12,1,1)+59) | C65: =IF(B65="","",CHOOSE(WEEKDAY(B65,2),"понедельник","вторник","среда","четверг","пятница","суббота","воскресенье")) | D65: =IF(B65="","",WEEKNUM(B65,21)) | E65: =IF(B65="","",MONTH(B65)) | F65: =IF(B65="","",IF(WEEKDAY(B65,2)>=6,"вых","раб"))
A66: 61 | B66: =IF(DATE(Анкета!$C$12,1,1)+60>DATE(Анкета!$C$12,12,31),"",DATE(Анкета!$C$12,1,1)+60) | C66: =IF(B66="","",CHOOSE(WEEKDAY(B66,2),"понедельник","вторник","среда","четверг","пятница","суббота","воскресенье")) | D66: =IF(B66="","",WEEKNUM(B66,21)) | E66: =IF(B66="","",MONTH(B66)) | F66: =IF(B66="","",IF(WEEKDAY(B66,2)>=6,"вых","раб"))
A67: 62 | B67: =IF(DATE(Анкета!$C$12,1,1)+61>DATE(Анкета!$C$12,12,31),"",DATE(Анкета!$C$12,1,1)+61) | C67: =IF(B67="","",CHOOSE(WEEKDAY(B67,2),"понедельник","вторник","среда","четверг","пятница","суббота","воскресенье")) | D67: =IF(B67="","",WEEKNUM(B67,21)) | E67: =IF(B67="","",MONTH(B67)) | F67: =IF(B67="","",IF(WEEKDAY(B67,2)>=6,"вых","раб"))
A68: 63 | B68: =IF(DATE(Анкета!$C$12,1,1)+62>DATE(Анкета!$C$12,12,31),"",DATE(Анкета!$C$12,1,1)+62) | C68: =IF(B68="","",CHOOSE(WEEKDAY(B68,2),"понедельник","вторник","среда","четверг","пятница","суббота","воскресенье")) | D68: =IF(B68="","",WEEKNUM(B68,21)) | E68: =IF(B68="","",MONTH(B68)) | F68: =IF(B68="","",IF(WEEKDAY(B68,2)>=6,"вых","раб"))
A69: 64 | B69: =IF(DATE(Анкета!$C$12,1,1)+63>DATE(Анкета!$C$12,12,31),"",DATE(Анкета!$C$12,1,1)+63) | C69: =IF(B69="","",CHOOSE(WEEKDAY(B69,2),"понедельник","вторник","среда","четверг","пятница","суббота","воскресенье")) | D69: =IF(B69="","",WEEKNUM(B69,21)) | E69: =IF(B69="","",MONTH(B69)) | F69: =IF(B69="","",IF(WEEKDAY(B69,2)>=6,"вых","раб"))
A70: 65 | B70: =IF(DATE(Анкета!$C$12,1,1)+64>DATE(Анкета!$C$12,12,31),"",DATE(Анкета!$C$12,1,1)+64) | C70: =IF(B70="","",CHOOSE(WEEKDAY(B70,2),"понедельник","вторник","среда","четверг","пятница","суббота","воскресенье")) | D70: =IF(B70="","",WEEKNUM(B70,21)) | E70: =IF(B70="","",MONTH(B70)) | F70: =IF(B70="","",IF(WEEKDAY(B70,2)>=6,"вых","раб"))
A71: 66 | B71: =IF(DATE(Анкета!$C$12,1,1)+65>DATE(Анкета!$C$12,12,31),"",DATE(Анкета!$C$12,1,1)+65) | C71: =IF(B71="","",CHOOSE(WEEKDAY(B71,2),"понедельник","вторник","среда","четверг","пятница","суббота","воскресенье")) | D71: =IF(B71="","",WEEKNUM(B71,21)) | E71: =IF(B71="","",MONTH(B71)) | F71: =IF(B71="","",IF(WEEKDAY(B71,2)>=6,"вых","раб"))
A72: 67 | B72: =IF(DATE(Анкета!$C$12,1,1)+66>DATE(Анкета!$C$12,12,31),"",DATE(Анкета!$C$12,1,1)+66) | C72: =IF(B72="","",CHOOSE(WEEKDAY(B72,2),"понедельник","вторник","среда","четверг","пятница","суббота","воскресенье")) | D72: =IF(B72="","",WEEKNUM(B72,21)) | E72: =IF(B72="","",MONTH(B72)) | F72: =IF(B72="","",IF(WEEKDAY(B72,2)>=6,"вых","раб"))
A73: 68 | B73: =IF(DATE(Анкета!$C$12,1,1)+67>DATE(Анкета!$C$12,12,31),"",DATE(Анкета!$C$12,1,1)+67) | C73: =IF(B73="","",CHOOSE(WEEKDAY(B73,2),"понедельник","вторник","среда","четверг","пятница","суббота","воскресенье")) | D73: =IF(B73="","",WEEKNUM(B73,21)) | E73: =IF(B73="","",MONTH(B73)) | F73: =IF(B73="","",IF(WEEKDAY(B73,2)>=6,"вых","раб"))
A74: 69 | B74: =IF(DATE(Анкета!$C$12,1,1)+68>DATE(Анкета!$C$12,12,31),"",DATE(Анкета!$C$12,1,1)+68) | C74: =IF(B74="","",CHOOSE(WEEKDAY(B74,2),"понедельник","вторник","среда","четверг","пятница","суббота","воскресенье")) | D74: =IF(B74="","",WEEKNUM(B74,21)) | E74: =IF(B74="","",MONTH(B74)) | F74: =IF(B74="","",IF(WEEKDAY(B74,2)>=6,"вых","раб"))
A75: 70 | B75: =IF(DATE(Анкета!$C$12,1,1)+69>DATE(Анкета!$C$12,12,31),"",DATE(Анкета!$C$12,1,1)+69) | C75: =IF(B75="","",CHOOSE(WEEKDAY(B75,2),"понедельник","вторник","среда","четверг","пятница","суббота","воскресенье")) | D75: =IF(B75="","",WEEKNUM(B75,21)) | E75: =IF(B75="","",MONTH(B75)) | F75: =IF(B75="","",IF(WEEKDAY(B75,2)>=6,"вых","раб"))
A76: 71 | B76: =IF(DATE(Анкета!$C$12,1,1)+70>DATE(Анкета!$C$12,12,31),"",DATE(Анкета!$C$12,1,1)+70) | C76: =IF(B76="","",CHOOSE(WEEKDAY(B76,2),"понедельник","вторник","среда","четверг","пятница","суббота","воскресенье")) | D76: =IF(B76="","",WEEKNUM(B76,21)) | E76: =IF(B76="","",MONTH(B76)) | F76: =IF(B76="","",IF(WEEKDAY(B76,2)>=6,"вых","раб"))
A77: 72 | B77: =IF(DATE(Анкета!$C$12,1,1)+71>DATE(Анкета!$C$12,12,31),"",DATE(Анкета!$C$12,1,1)+71) | C77: =IF(B77="","",CHOOSE(WEEKDAY(B77,2),"понедельник","вторник","среда","четверг","пятница","суббота","воскресенье")) | D77: =IF(B77="","",WEEKNUM(B77,21)) | E77: =IF(B77="","",MONTH(B77)) | F77: =IF(B77="","",IF(WEEKDAY(B77,2)>=6,"вых","раб"))
A78: 73 | B78: =IF(DATE(Анкета!$C$12,1,1)+72>DATE(Анкета!$C$12,12,31),"",DATE(Анкета!$C$12,1,1)+72) | C78: =IF(B78="","",CHOOSE(WEEKDAY(B78,2),"понедельник","вторник","среда","четверг","пятница","суббота","воскресенье")) | D78: =IF(B78="","",WEEKNUM(B78,21)) | E78: =IF(B78="","",MONTH(B78)) | F78: =IF(B78="","",IF(WEEKDAY(B78,2)>=6,"вых","раб"))
A79: 74 | B79: =IF(DATE(Анкета!$C$12,1,1)+73>DATE(Анкета!$C$12,12,31),"",DATE(Анкета!$C$12,1,1)+73) | C79: =IF(B79="","",CHOOSE(WEEKDAY(B79,2),"понедельник","вторник","среда","четверг","пятница","суббота","воскресенье")) | D79: =IF(B79="","",WEEKNUM(B79,21)) | E79: =IF(B79="","",MONTH(B79)) | F79: =IF(B79="","",IF(WEEKDAY(B79,2)>=6,"вых","раб"))
A80: 75 | B80: =IF(DATE(Анкета!$C$12,1,1)+74>DATE(Анкета!$C$12,12,31),"",DATE(Анкета!$C$12,1,1)+74) | C80: =IF(B80="","",CHOOSE(WEEKDAY(B80,2),"понедельник","вторник","среда","четверг","пятница","суббота","воскресенье")) | D80: =IF(B80="","",WEEKNUM(B80,21)) | E80: =IF(B80="","",MONTH(B80)) | F80: =IF(B80="","",IF(WEEKDAY(B80,2)>=6,"вых","раб"))
A81: 76 | B81: =IF(DATE(Анкета!$C$12,1,1)+75>DATE(Анкета!$C$12,12,31),"",DATE(Анкета!$C$12,1,1)+75) | C81: =IF(B81="","",CHOOSE(WEEKDAY(B81,2),"понедельник","вторник","среда","четверг","пятница","суббота","воскресенье")) | D81: =IF(B81="","",WEEKNUM(B81,21)) | E81: =IF(B81="","",MONTH(B81)) | F81: =IF(B81="","",IF(WEEKDAY(B81,2)>=6,"вых","раб"))
A82: 77 | B82: =IF(DATE(Анкета!$C$12,1,1)+76>DATE(Анкета!$C$12,12,31),"",DATE(Анкета!$C$12,1,1)+76) | C82: =IF(B82="","",CHOOSE(WEEKDAY(B82,2),"понедельник","вторник","среда","четверг","пятница","суббота","воскресенье")) | D82: =IF(B82="","",WEEKNUM(B82,21)) | E82: =IF(B82="","",MONTH(B82)) | F82: =IF(B82="","",IF(WEEKDAY(B82,2)>=6,"вых","раб"))
A83: 78 | B83: =IF(DATE(Анкета!$C$12,1,1)+77>DATE(Анкета!$C$12,12,31),"",DATE(Анкета!$C$12,1,1)+77) | C83: =IF(B83="","",CHOOSE(WEEKDAY(B83,2),"понедельник","вторник","среда","четверг","пятница","суббота","воскресенье")) | D83: =IF(B83="","",WEEKNUM(B83,21)) | E83: =IF(B83="","",MONTH(B83)) | F83: =IF(B83="","",IF(WEEKDAY(B83,2)>=6,"вых","раб"))
A84: 79 | B84: =IF(DATE(Анкета!$C$12,1,1)+78>DATE(Анкета!$C$12,12,31),"",DATE(Анкета!$C$12,1,1)+78) | C84: =IF(B84="","",CHOOSE(WEEKDAY(B84,2),"понедельник","вторник","среда","четверг","пятница","суббота","воскресенье")) | D84: =IF(B84="","",WEEKNUM(B84,21)) | E84: =IF(B84="","",MONTH(B84)) | F84: =IF(B84="","",IF(WEEKDAY(B84,2)>=6,"вых","раб"))
A85: 80 | B85: =IF(DATE(Анкета!$C$12,1,1)+79>DATE(Анкета!$C$12,12,31),"",DATE(Анкета!$C$12,1,1)+79) | C85: =IF(B85="","",CHOOSE(WEEKDAY(B85,2),"понедельник","вторник","среда","четверг","пятница","суббота","воскресенье")) | D85: =IF(B85="","",WEEKNUM(B85,21)) | E85: =IF(B85="","",MONTH(B85)) | F85: =IF(B85="","",IF(WEEKDAY(B85,2)>=6,"вых","раб"))
A86: 81 | B86: =IF(DATE(Анкета!$C$12,1,1)+80>DATE(Анкета!$C$12,12,31),"",DATE(Анкета!$C$12,1,1)+80) | C86: =IF(B86="","",CHOOSE(WEEKDAY(B86,2),"понедельник","вторник","среда","четверг","пятница","суббота","воскресенье")) | D86: =IF(B86="","",WEEKNUM(B86,21)) | E86: =IF(B86="","",MONTH(B86)) | F86: =IF(B86="","",IF(WEEKDAY(B86,2)>=6,"вых","раб"))
A87: 82 | B87: =IF(DATE(Анкета!$C$12,1,1)+81>DATE(Анкета!$C$12,12,31),"",DATE(Анкета!$C$12,1,1)+81) | C87: =IF(B87="","",CHOOSE(WEEKDAY(B87,2),"понедельник","вторник","среда","четверг","пятница","суббота","воскресенье")) | D87: =IF(B87="","",WEEKNUM(B87,21)) | E87: =IF(B87="","",MONTH(B87)) | F87: =IF(B87="","",IF(WEEKDAY(B87,2)>=6,"вых","раб"))
A88: 83 | B88: =IF(DATE(Анкета!$C$12,1,1)+82>DATE(Анкета!$C$12,12,31),"",DATE(Анкета!$C$12,1,1)+82) | C88: =IF(B88="","",CHOOSE(WEEKDAY(B88,2),"понедельник","вторник","среда","четверг","пятница","суббота","воскресенье")) | D88: =IF(B88="","",WEEKNUM(B88,21)) | E88: =IF(B88="","",MONTH(B88)) | F88: =IF(B88="","",IF(WEEKDAY(B88,2)>=6,"вых","раб"))
A89: 84 | B89: =IF(DATE(Анкета!$C$12,1,1)+83>DATE(Анкета!$C$12,12,31),"",DATE(Анкета!$C$12,1,1)+83) | C89: =IF(B89="","",CHOOSE(WEEKDAY(B89,2),"понедельник","вторник","среда","четверг","пятница","суббота","воскресенье")) | D89: =IF(B89="","",WEEKNUM(B89,21)) | E89: =IF(B89="","",MONTH(B89)) | F89: =IF(B89="","",IF(WEEKDAY(B89,2)>=6,"вых","раб"))
A90: 85 | B90: =IF(DATE(Анкета!$C$12,1,1)+84>DATE(Анкета!$C$12,12,31),"",DATE(Анкета!$C$12,1,1)+84) | C90: =IF(B90="","",CHOOSE(WEEKDAY(B90,2),"понедельник","вторник","среда","четверг","пятница","суббота","воскресенье")) | D90: =IF(B90="","",WEEKNUM(B90,21)) | E90: =IF(B90="","",MONTH(B90)) | F90: =IF(B90="","",IF(WEEKDAY(B90,2)>=6,"вых","раб"))
A91: 86 | B91: =IF(DATE(Анкета!$C$12,1,1)+85>DATE(Анкета!$C$12,12,31),"",DATE(Анкета!$C$12,1,1)+85) | C91: =IF(B91="","",CHOOSE(WEEKDAY(B91,2),"понедельник","вторник","среда","четверг","пятница","суббота","воскресенье")) | D91: =IF(B91="","",WEEKNUM(B91,21)) | E91: =IF(B91="","",MONTH(B91)) | F91: =IF(B91="","",IF(WEEKDAY(B91,2)>=6,"вых","раб"))
A92: 87 | B92: =IF(DATE(Анкета!$C$12,1,1)+86>DATE(Анкета!$C$12,12,31),"",DATE(Анкета!$C$12,1,1)+86) | C92: =IF(B92="","",CHOOSE(WEEKDAY(B92,2),"понедельник","вторник","среда","четверг","пятница","суббота","воскресенье")) | D92: =IF(B92="","",WEEKNUM(B92,21)) | E92: =IF(B92="","",MONTH(B92)) | F92: =IF(B92="","",IF(WEEKDAY(B92,2)>=6,"вых","раб"))
A93: 88 | B93: =IF(DATE(Анкета!$C$12,1,1)+87>DATE(Анкета!$C$12,12,31),"",DATE(Анкета!$C$12,1,1)+87) | C93: =IF(B93="","",CHOOSE(WEEKDAY(B93,2),"понедельник","вторник","среда","четверг","пятница","суббота","воскресенье")) | D93: =IF(B93="","",WEEKNUM(B93,21)) | E93: =IF(B93="","",MONTH(B93)) | F93: =IF(B93="","",IF(WEEKDAY(B93,2)>=6,"вых","раб"))
A94: 89 | B94: =IF(DATE(Анкета!$C$12,1,1)+88>DATE(Анкета!$C$12,12,31),"",DATE(Анкета!$C$12,1,1)+88) | C94: =IF(B94="","",CHOOSE(WEEKDAY(B94,2),"понедельник","вторник","среда","четверг","пятница","суббота","воскресенье")) | D94: =IF(B94="","",WEEKNUM(B94,21)) | E94: =IF(B94="","",MONTH(B94)) | F94: =IF(B94="","",IF(WEEKDAY(B94,2)>=6,"вых","раб"))
A95: 90 | B95: =IF(DATE(Анкета!$C$12,1,1)+89>DATE(Анкета!$C$12,12,31),"",DATE(Анкета!$C$12,1,1)+89) | C95: =IF(B95="","",CHOOSE(WEEKDAY(B95,2),"понедельник","вторник","среда","четверг","пятница","суббота","воскресенье")) | D95: =IF(B95="","",WEEKNUM(B95,21)) | E95: =IF(B95="","",MONTH(B95)) | F95: =IF(B95="","",IF(WEEKDAY(B95,2)>=6,"вых","раб"))
A96: 91 | B96: =IF(DATE(Анкета!$C$12,1,1)+90>DATE(Анкета!$C$12,12,31),"",DATE(Анкета!$C$12,1,1)+90) | C96: =IF(B96="","",CHOOSE(WEEKDAY(B96,2),"понедельник","вторник","среда","четверг","пятница","суббота","воскресенье")) | D96: =IF(B96="","",WEEKNUM(B96,21)) | E96: =IF(B96="","",MONTH(B96)) | F96: =IF(B96="","",IF(WEEKDAY(B96,2)>=6,"вых","раб"))
A97: 92 | B97: =IF(DATE(Анкета!$C$12,1,1)+91>DATE(Анкета!$C$12,12,31),"",DATE(Анкета!$C$12,1,1)+91) | C97: =IF(B97="","",CHOOSE(WEEKDAY(B97,2),"понедельник","вторник","среда","четверг","пятница","суббота","воскресенье")) | D97: =IF(B97="","",WEEKNUM(B97,21)) | E97: =IF(B97="","",MONTH(B97)) | F97: =IF(B97="","",IF(WEEKDAY(B97,2)>=6,"вых","раб"))
A98: 93 | B98: =IF(DATE(Анкета!$C$12,1,1)+92>DATE(Анкета!$C$12,12,31),"",DATE(Анкета!$C$12,1,1)+92) | C98: =IF(B98="","",CHOOSE(WEEKDAY(B98,2),"понедельник","вторник","среда","четверг","пятница","суббота","воскресенье")) | D98: =IF(B98="","",WEEKNUM(B98,21)) | E98: =IF(B98="","",MONTH(B98)) | F98: =IF(B98="","",IF(WEEKDAY(B98,2)>=6,"вых","раб"))
A99: 94 | B99: =IF(DATE(Анкета!$C$12,1,1)+93>DATE(Анкета!$C$12,12,31),"",DATE(Анкета!$C$12,1,1)+93) | C99: =IF(B99="","",CHOOSE(WEEKDAY(B99,2),"понедельник","вторник","среда","четверг","пятница","суббота","воскресенье")) | D99: =IF(B99="","",WEEKNUM(B99,21)) | E99: =IF(B99="","",MONTH(B99)) | F99: =IF(B99="","",IF(WEEKDAY(B99,2)>=6,"вых","раб"))
A100: 95 | B100: =IF(DATE(Анкета!$C$12,1,1)+94>DATE(Анкета!$C$12,12,31),"",DATE(Анкета!$C$12,1,1)+94) | C100: =IF(B100="","",CHOOSE(WEEKDAY(B100,2),"понедельник","вторник","среда","четверг","пятница","суббота","воскресенье")) | D100: =IF(B100="","",WEEKNUM(B100,21)) | E100: =IF(B100="","",MONTH(B100)) | F100: =IF(B100="","",IF(WEEKDAY(B100,2)>=6,"вых","раб"))
...

Sheet Журнал_660
A1: Приложение № 7 к Порядку (п. 25) — приказ Министра обороны РФ от 30.10.2015 № 660
A2: ЖУРНАЛ УЧЕТА ВРЕМЕНИ ПРИВЛЕЧЕНИЯ ВОЕННОСЛУЖАЩИХ, ПРОХОДЯЩИХ ВОЕННУЮ СЛУЖБУ ПО КОНТРАКТУ, К ИСПОЛНЕНИЮ ОБЯЗАННОСТЕЙ ВОЕННОЙ СЛУЖБЫ В РАБОЧИЕ ДНИ СВЕРХ УСТАНОВЛЕННОЙ ПРОДОЛЖИТЕЛЬНОСТИ ЕЖЕНЕДЕЛЬНОГО СЛУЖЕБНОГО ВРЕМЕНИ, ПРИВЛЕЧЕНИЯ ЭТИХ ВОЕННОСЛУЖАЩИХ К ИСПОЛНЕНИЮ ОБЯЗАННОСТЕЙ ВОЕННОЙ СЛУЖБЫ В ВЫХОДНЫЕ И ПРАЗДНИЧНЫЕ ДНИ И ПРЕДОСТАВЛЕНИЯ ИМ ДОПОЛНИТЕЛЬНОГО ВРЕМЕНИ ОТДЫХА
A3: на | C3: =Анкета!C16 | D3: неделю | E3: =IFERROR(INDEX(Журнал_день!B$6:B$371,MATCH(C3,Журнал_день!D$6:D$371,0)),"") | H3: =Анкета!C12 | I3: г. | J3: =CONCATENATE(Анкета!C8," в/ч ",Анкета!C9)
A4: № п/п | B4: Воинская должность | C4: Воинское звание | D4: Фамилия, имя, отчество | E4: Учет сверхурочного времени, ч | F4: Учет времени привлечения в выходные и праздничные дни, ч | G4: Суммарное время привлечения к военной службе, ч | H4: Учет предоставления дополнительного времени отдыха | J4: Учет присоединенных дополнительных суток отдыха к отпуску | L4: Учет нереализованного времени отдыха, ч, сут. | M4: Подпись военнослужащего
H5: Дата | I5: Время, ч | J5: Дата | K5: Время, сут.
A7: 1 | B7: 2 | C7: 3 | D7: 4 | E7: 5 | F7: 6 | G7: 7 | H7: 8 | I7: 9 | J7: 10 | K7: 11 | L7: 12 | M7: 13
A8: 1 | B8: =Анкета!C7 | C8: =Анкета!C6 | D8: =Анкета!B19 | E8: =SUMIFS(Журнал_день!I$6:I$371,Журнал_день!D$6:D$371,$C$3) | F8: =SUMIFS(Журнал_день!J$6:J$371,Журнал_день!D$6:D$371,$C$3) | G8: =E8+F8 | I8: =SUMIFS(Журнал_день!K$6:K$371,Журнал_день!D$6:D$371,$C$3) | K8: =SUMIFS(Журнал_день!L$6:L$371,Журнал_день!D$6:D$371,$C$3) | L8: =IF(N8<=0,0,IF(N8<Анкета!C15,N8&" ч",INT(N8/Анкета!C15)&" сут. "&MOD(N8,Анкета!C15)&" ч")) | N8: =SUMIFS(Журнал_день!I$6:I$371,Журнал_день!D$6:D$371,"<="&$C$3)+SUMIFS(Журнал_день!J$6:J$371,Журнал_день!D$6:D$371,"<="&$C$3)-SUMIFS(Журнал_день!K$6:K$371,Журнал_день!D$6:D$371,"<="&$C$3)-SUMIFS(Журнал_день!L$6:L$371,Журнал_день!D$6:D$371,"<="&$C$3)*Анкета!C15
A9: 2 | G9: =IF(OR(E9<>"",F9<>""),N(E9)+N(F9),"")
A10: 3 | G10: =IF(OR(E10<>"",F10<>""),N(E10)+N(F10),"")
A11: 4 | G11: =IF(OR(E11<>"",F11<>""),N(E11)+N(F11),"")
A12: 5 | G12: =IF(OR(E12<>"",F12<>""),N(E12)+N(F12),"")
A13: 6 | G13: =IF(OR(E13<>"",F13<>""),N(E13)+N(F13),"")
A14: 7 | G14: =IF(OR(E14<>"",F14<>""),N(E14)+N(F14),"")
A15: 8 | G15: =IF(OR(E15<>"",F15<>""),N(E15)+N(F15),"")
A16: 9 | G16: =IF(OR(E16<>"",F16<>""),N(E16)+N(F16),"")
A17: 10 | G17: =IF(OR(E17<>"",F17<>""),N(E17)+N(F17),"")
A18: 11 | G18: =IF(OR(E18<>"",F18<>""),N(E18)+N(F18),"")
A19: 12 | G19: =IF(OR(E19<>"",F19<>""),N(E19)+N(F19),"")
A20: 13 | G20: =IF(OR(E20<>"",F20<>""),N(E20)+N(F20),"")
... A23: 16 | G23: =IF(OR(E23<>"",F23<>""),N(E23)+N(F23),"")
A25: Командир (начальник) подразделения | E25: =Анкета!C8
A26: ________________________________________________________________ (воинское звание, подпись, инициал имени, фамилия)
A28: Порядок ведения (приказ МО РФ № 660, приложение № 7): учёт ведётся ЕЖЕНЕДЕЛЬНО. Графы 2–4 — по штатно-должностной книге. Графа 5 — сверхурочка в рабочие дни (часы). Графы 5–7 и 9 — в часах. Графа 11 — в сутках. Графа 12 — в часах, если остаток меньше продолжительности служебного дня, и в сутках, если больше. Записи доводятся до военнослужащих под роспись каждую неделю. Боевое дежурство в эту форму часами не ставьте — оно на листе «БД_сутки».

Sheet БД_сутки
A1: УЧЁТ БОЕВОГО ДЕЖУРСТВА И ИНЫХ МЕРОПРИЯТИЙ БЕЗ ОГРАНИЧЕНИЯ СЛУЖЕБНОГО ВРЕМЕНИ (п. 3 ст. 11 закона № 76-ФЗ, п. 2 Перечня приказа МО РФ № 492)
A2: Время учитывается в СУТКАХ. За каждые трое суток привлечения — двое суток отдыха (п. 5 приложения № 2 к Положению о порядке прохождения военной службы). Эти сутки можно заменить деньгами по рапорту (приказ МО РФ № 80).
A3: Показатель | C3: Значение
A4: Суток боевого дежурства за год (из Журнал_день, колонка «БД») | C4: =SUM(Журнал_день!G6:G371)
A5: Положено суток отдыха (2 за каждые 3) | C5: =INT(C4/3)*2
A6: Остаток суток БД, не вошедших в тройку (не сгорает) | C6: =MOD(C4,3)
A7: Суток суточного наряда за год | C7: =SUM(Журнал_день!H6:H371)
A8: Отдых уже дан, часов (журнал 660, гр. 9) | C8: =SUM(Журнал_день!K6:K371)
A9: Присоединено к отпуску, суток (гр. 11) | C9: =SUM(Журнал_день!L6:L371)
A10: Суток отдыха за БД ещё не использовано | C10: =MAX(0,C5-C9)
A11: Сумма компенсации за неиспользованные сутки БД, руб. | C11: =Анкета!B24*C10
A13: Разбивка по месяцам (нарастающий итог отдыха — с начала года, не помесячно)
A14: Месяц | B14: Суток БД | C14: Наряд, сут. | D14: Сверхурочно, ч | E14: Выходные, ч | F14: БД с начала года | G14: Положено отдыха нарастающим
A15: январь | B15: =SUMIF(Журнал_день!$E$6:$E$371,1,Журнал_день!$G$6:$G$371) | C15: =SUMIF(Журнал_день!$E$6:$E$371,1,Журнал_день!$H$6:$H$371) | D15: =SUMIF(Журнал_день!$E$6:$E$371,1,Журнал_день!$I$6:$I$371) | E15: =SUMIF(Журнал_день!$E$6:$E$371,1,Журнал_день!$J$6:$J$371) | F15: =B15 | G15: =INT(F15/3)*2
A16: февраль | B16: =SUMIF(Журнал_день!$E$6:$E$371,2,Журнал_день!$G$6:$G$371) | C16: =SUMIF(Журнал_день!$E$6:$E$371,2,Журнал_день!$H$6:$H$371) | D16: =SUMIF(Журнал_день!$E$6:$E$371,2,Журнал_день!$I$6:$I$371) | E16: =SUMIF(Журнал_день!$E$6:$E$371,2,Журнал_день!$J$6:$J$371) | F16: =F15+B16 | G16: =INT(F16/3)*2
A17: март | B17: =SUMIF(Журнал_день!$E$6:$E$371,3,Журнал_день!$G$6:$G$371) | C17: =SUMIF(Журнал_день!$E$6:$E$371,3,Журнал_день!$H$6:$H$371) | D17: =SUMIF(Журнал_день!$E$6:$E$371,3,Журнал_день!$I$6:$I$371) | E17: =SUMIF(Журнал_день!$E$6:$E$371,3,Журнал_день!$J$6:$J$371) | F17: =F16+B17 | G17: =INT(F17/3)*2
A18: апрель | B18: =SUMIF(Журнал_день!$E$6:$E$371,4,Журнал_день!$G$6:$G$371) | C18: =SUMIF(Журнал_день!$E$6:$E$371,4,Журнал_день!$H$6:$H$371) | D18: =SUMIF(Журнал_день!$E$6:$E$371,4,Журнал_день!$I$6:$I$371) | E18: =SUMIF(Журнал_день!$E$6:$E$371,4,Журнал_день!$J$6:$J$371) | F18: =F17+B18 | G18: =INT(F18/3)*2
A19: май | B19: =SUMIF(Журнал_день!$E$6:$E$371,5,Журнал_день!$G$6:$G$371) | C19: =SUMIF(Журнал_день!$E$6:$E$371,5,Журнал_день!$H$6:$H$371) | D19: =SUMIF(Журнал_день!$E$6:$E$371,5,Журнал_день!$I$6:$I$371) | E19: =SUMIF(Журнал_день!$E$6:$E$371,5,Журнал_день!$J$6:$J$371) | F19: =F18+B19 | G19: =INT(F19/3)*2
A20: июнь | B20: =SUMIF(Журнал_день!$E$6:$E$371,6,Журнал_день!$G$6:$G$371) | C20: =SUMIF(Журнал_день!$E$6:$E$371,6,Журнал_день!$H$6:$H$371) | D20: =SUMIF(Журнал_день!$E$6:$E$371,6,Журнал_день!$I$6:$I$371) | E20: =SUMIF(Журнал_день!$E$6:$E$371,6,Журнал_день!$J$6:$J$371) | F20: =F19+B20 | G20: =INT(F20/3)*2
A21: июль | B21: =SUMIF(Журнал_день!$E$6:$E$371,7,Журнал_день!$G$6:$G$371) | C21: =SUMIF(Журнал_день!$E$6:$E$371,7,Журнал_день!$H$6:$H$371) | D21: =SUMIF(Журнал_день!$E$6:$E$371,7,Журнал_день!$I$6:$I$371) | E21: =SUMIF(Журнал_день!$E$6:$E$371,7,Журнал_день!$J$6:$J$371) | F21: =F20+B21 | G21: =INT(F21/3)*2
A22: август | B22: =SUMIF(Журнал_день!$E$6:$E$371,8,Журнал_день!$G$6:$G$371) | C22: =SUMIF(Журнал_день!$E$6:$E$371,8,Журнал_день!$H$6:$H$371) | D22: =SUMIF(Журнал_день!$E$6:$E$371,8,Журнал_день!$I$6:$I$371) | E22: =SUMIF(Журнал_день!$E$6:$E$371,8,Журнал_день!$J$6:$J$371) | F22: =F21+B22 | G22: =INT(F22/3)*2
A23: сентябрь | B23: =SUMIF(Журнал_день!$E$6:$E$371,9,Журнал_день!$G$6:$G$371) | C23: =SUMIF(Журнал_день!$E$6:$E$371,9,Журнал_день!$H$6:$H$371) | D23: =SUMIF(Журнал_день!$E$6:$E$371,9,Журнал_день!$I$6:$I$371) | E23: =SUMIF(Журнал_день!$E$6:$E$371,9,Журнал_день!$J$6:$J$371) | F23: =F22+B23 | G23: =INT(F23/3)*2
A24: октябрь | B24: =SUMIF(Журнал_день!$E$6:$E$371,10,Журнал_день!$G$6:$G$371) | C24: =SUMIF(Журнал_день!$E$6:$E$371,10,Журнал_день!$H$6:$H$371) | D24: =SUMIF(Журнал_день!$E$6:$E$371,10,Журнал_день!$I$6:$I$371) | E24: =SUMIF(Журнал_день!$E$6:$E$371,10,Журнал_день!$J$6:$J$371) | F24: =F23+B24 | G24: =INT(F24/3)*2
A25: ноябрь | B25: =SUMIF(Журнал_день!$E$6:$E$371,11,Журнал_день!$G$6:$G$371) | C25: =SUMIF(Журнал_день!$E$6:$E$371,11,Журнал_день!$H$6:$H$371) | D25: =SUMIF(Журнал_день!$E$6:$E$371,11,Журнал_день!$I$6:$I$371) | E25: =SUMIF(Журнал_день!$E$6:$E$371,11,Журнал_день!$J$6:$J$371) | F25: =F24+B25 | G25: =INT(F25/3)*2
A26: декабрь | B26: =SUMIF(Журнал_день!$E$6:$E$371,12,Журнал_день!$G$6:$G$371) | C26: =SUMIF(Журнал_день!$E$6:$E$371,12,Журнал_день!$H$6:$H$371) | D26: =SUMIF(Журнал_день!$E$6:$E$371,12,Журнал_день!$I$6:$I$371) | E26: =SUMIF(Журнал_день!$E$6:$E$371,12,Журнал_день!$J$6:$J$371) | F26: =F25+B26 | G26: =INT(F26/3)*2
A27: ИТОГО за год | B27: =SUM(B15:B26) | C27: =SUM(C15:C26) | D27: =SUM(D15:D26) | E27: =SUM(E15:E26) | F27: =F26 | G27: =G26
A29: Почему отдых не считают отдельно за январь и за февраль: остаток тройки переходит. 2 суток БД в январе + 1 сутки в феврале = 2 суток отдыха, а не ноль.

Sheet Итоги
A1: ИТОГИ ЗА ДЕНЬ, МЕСЯЦ И ГОД
A3: Дата, которую смотрим (за день) | C3: =DATE(Анкета!C12,1,1) | D3: ← поменяйте дату в жёлтой ячейке
A5: Этот день — боевое дежурство? | C5: =IFERROR(IF(SUMIFS(Журнал_день!G$6:G$371,Журнал_день!B$6:B$371,C3)>=1,"да","нет"),"—")
A6: Этот день — суточный наряд? | C6: =IFERROR(IF(SUMIFS(Журнал_день!H$6:H$371,Журнал_день!B$6:B$371,C3)>=1,"да","нет"),"—")
A7: Сверхурочно в этот день, ч | C7: =IFERROR(SUMIFS(Журнал_день!I$6:I$371,Журнал_день!B$6:B$371,C3),0)
A8: Выходной/праздник в этот день, ч | C8: =IFERROR(SUMIFS(Журнал_день!J$6:J$371,Журнал_день!B$6:B$371,C3),0)
A9: Суток БД с 1 января по эту дату | C9: =SUMIFS(Журнал_день!G$6:G$371,Журнал_день!B$6:B$371,"<="&C3,Журнал_день!B$6:B$371,">="&DATE(Анкета!C12,1,1))
A10: Положено суток отдыха на эту дату | C10: =INT(C9/3)*2
A11: Месяц выбранной даты | C11: =CHOOSE(MONTH(C3),"январь","февраль","март","апрель","май","июнь","июль","август","сентябрь","октябрь","ноябрь","декабрь")
A13: За год (для рапорта)
A14: Суток БД за год | C14: =БД_сутки!C4
A15: Положено суток отдыха за БД | C15: =БД_сутки!C5
A16: Уже присоединено к отпуску, сут. | C16: =БД_сутки!C9
A17: К выплате / неиспользовано, сут. | C17: =БД_сутки!C10
A18: Сумма компенсации, руб. | C18: =БД_сутки!C11
A19: Сверхурочно за год, ч (журнал 660) | C19: =БД_сутки!D27
A20: Выходные/праздники за год, ч | C20: =БД_сутки!E27
A21: Наряд за год, сут. (деньги по закону обычно не положены) | C21: =БД_сутки!C7
A23: Денежная компенсация в рапорте берётся из строки «К выплате». Сверхурочка и наряд из журнала 660 компенсируются отдыхом, а не деньгами (п. 1 ст. 11 закона № 76-ФЗ). Если часть отгулов уже брали — укажите их в Журнал_день в колонке «К отпуску, сут».

Sheet Рапорт
A1: РАПОРТ — лист готов к печати. Фамилия подставляется из анкеты.
D3: =Анкета!B21
D5: =Анкета!B22
A8: РАПОРТ
A10: =CONCATENATE("Докладываю, что в период с 01.01.",Анкета!C12," по 31.12.",Анкета!C12," я, ",Анкета!C6," ",Анкета!B19,", привлекался к боевому дежурству (боевой службе), проводимому без ограничения общей продолжительности еженедельного служебного времени.")
A14: =CONCATENATE("Количество суток привлечения к боевому дежурству — ",БД_сутки!C4," суток. Согласно пункту 5 приложения № 2 к Положению о порядке прохождения военной службы за каждые трое суток привлечения положено двое суток отдыха.")
A17: =CONCATENATE("Расчёт: ",БД_сутки!C4," ÷ 3 × 2 = ",БД_сутки!C5," дополнительных суток отдыха. Из них предоставлено (присоединено к отпуску): ",БД_сутки!C9," суток. Остаток, не использованный в виде отдыха: ",БД_сутки!C10," суток.")
A20: =CONCATENATE("В соответствии с пунктом 3 статьи 11 Федерального закона от 27.05.1998 № 76-ФЗ «О статусе военнослужащих» и приказом Министра обороны Российской Федерации от 14.02.2010 № 80 прошу вместо предоставления указанных дополнительных суток отдыха выплатить мне, ",Анкета!C6,"у ",Анкета!B20,", денежную компенсацию за ",БД_сутки!C10," суток.")
A24: =CONCATENATE("Оклад по воинской должности: ",Анкета!C13," руб. Оклад по воинскому званию: ",Анкета!C14," руб. Расчёт компенсации: (",Анкета!C13," + ",Анкета!C14,") ÷ 30 × ",БД_сутки!C10," = ",БД_сутки!C11," руб.")
A27: Дополнительные сутки отдыха за указанный период, кроме отражённых в расчёте, мне не предоставлялись. Расчёт составлен по журналу учёта служебного времени (приказ МО РФ от 30.10.2015 № 660, приложение № 7) и отметкам о боевом дежурстве.
A30: Приложения: 1. Выписка (копия) из журнала учёта служебного времени (приложение № 7 к приказу МО РФ № 660). 2. Расчёт дополнительных суток отдыха за боевое дежурство.
A34: =CONCATENATE("« » ______________ ",Анкета!C12," г.") | D34: =CONCATENATE("__________ / ",Анкета!C6," ",Анкета!B19," /")
A37: Служебная отметка канцелярии: входящий № ________ от « » ______________ 20 г.
